trial,method,final_cost,modularity,approx_ratio,shots,true_baseline
0,L-VQE,-9.305,9.305,-0.9305,1000,-10.0
0,VQE,-9.293,9.293,-0.9292999999999999,1000,-10.0
1,L-VQE,-9.735,9.735,-0.9734999999999999,1000,-10.0
1,VQE,-9.45,9.45,-0.945,1000,-10.0
